Business Name,Link,Description
New Cell Phones for Sale | Buy Smartphones Online or In- ...,https://www.t-mobile.com/cell-phones,"Explore T-Mobile's selection of the latest cell phones and smartphones. Compare models, prices, and features from the most popular brands today!"
Ultra Mobile Phones for Sale,https://phones.ultramobile.com/,Buy a new phone or upgrade your current phone today at the Ultra Mobile Phone Store. Get low monthly payments as low as 0% APR for up to 24 months.
Cell Phones: Smartphones and Mobile Phones,https://www.bestbuy.com/site/electronics/mobile-cell-phones/abcat0800000.c?id=abcat0800000,"Shop Best Buy for cell phones. Text, call and search the web with mobile phones from popular brands. Browse our selection to find the best smartphone for ..."
"Buy Cell Phones, Smartphones & Mobile Phones",https://www.att.com/buy/phones/,"Shop AT&T's selection of cell phones from your favorite brands like Apple, Google, Samsung, and Motorola. Shop now for the new iPhone 16 at AT&T."
"Cell Phones, Unlocked & No-Contract Phones, Prepaid ...",https://www.walmart.com/cp/cell-phones/1105910,"Looking for new cell phones? Shop for new cell phones, iPhones, unlocked phones, iPhone accessories, contract mobile phones and more Walmart.com."
"Prepaid Phones: No Contract, Pay As You Go",https://www.metrobyt-mobile.com/cell-phones,"Shop our wide range of affordable prepaid cell phones at Metro by T-Mobile (formerly MetroPCS) from top brands like Apple, Samsung & more."
Cell Phones: Shop the Best Smartphones Online,https://www.verizon.com/smartphones/,"Whether you're a mobile-tech expert, novice or somewhere in between, Verizon has a smartphone for you. Shop the latest smartphones at Verizon today."
Mint Mobile Phones for Sale,https://phones.mintmobile.com/,Buy a new phone or upgrade your current phone today at the Mint Mobile Phone Store. Get low monthly payments as low as 0% APR for up to 24 months.
Phones,https://www.cellcom.com/shop/devices?srsltid=AfmBOoqsQvVMbjrkhXiVNMlj2FLN2pz7s-5j6gffqnj-7N6lUUzld1UZ,Phones · Samsung Galaxy S24 FE 5G · Apple iPhone 16 · Apple iPhone 16 Plus · Apple iPhone 16 Pro · Apple iPhone 16 Pro Max · Google Pixel 9 Pro · Google Pixel 9 ...
